{
  "version": 1,
  "author": "Gustavo Sousa",
  "editor": "wokwi",
  "parts": [
    { "type": "board-esp32-devkit-c-v4", "id": "esp", "top": 0, "left": 4.84, "attrs": {} },
    {
      "type": "wokwi-dht22",
      "id": "dht1",
      "top": -114.9,
      "left": -63,
      "attrs": { "temperature": "36.3", "humidity": "29" }
    }
  ],
  "connections": [
    [ "esp:TX", "$serialMonitor:RX", "", [] ],
    [ "esp:RX", "$serialMonitor:TX", "", [] ],
    [ "dht1:SDA", "esp:14", "green", [ "v0" ] ],
    [ "esp:GND.1", "dht1:GND", "black", [ "h0" ] ],
    [ "dht1:VCC", "esp:3V3", "red", [ "v0" ] ]
  ],
  "dependencies": {}
}